{"cameraMode":{"drawMode":0,"name":"Shaded","section":"Shading Mode"},"sceneLighting":true,"audioPlay":false,"sceneViewState":{"showFog":true,"showMaterialUpdate":false,"showSkybox":true,"showFlares":true,"showImageEffects":true,"showParticleSystems":true},"in2DMode":false,"pivot":{"x":0.2007654905319214,"y":-0.6662387847900391,"z":0.24576318264007569},"rotation":{"x":0.548064649105072,"y":0.3290405869483948,"z":-0.24771174788475038,"w":0.7280056476593018},"size":3.198573589324951,"orthographic":false}