{"cameraMode":{"drawMode":0,"name":"Shaded","section":"Shading Mode"},"sceneLighting":true,"audioPlay":false,"sceneViewState":{"showFog":true,"showMaterialUpdate":false,"showSkybox":true,"showFlares":true,"showImageEffects":true,"showParticleSystems":true},"in2DMode":false,"pivot":{"x":-0.08467825502157211,"y":-0.5146212577819824,"z":-1.1305220127105713},"rotation":{"x":0.0013830269454047084,"y":0.9079955816268921,"z":-0.41896677017211916,"w":0.002997236093506217},"size":3.1470654010772707,"orthographic":false}